"Date","MCP ","SMP ","Positive Imbalance Price (TL/MWh)","Negative Imbalance Price (TL/MWh)","SMP Direction"
"01.09.20 00:00","302.39","332.39","293.32","342.36","? Energy Deficit"
"01.09.20 01:00","300.25","325.25","291.24","335.01","? Energy Deficit"
"01.09.20 02:00","292.64","317.64","283.86","327.17","? Energy Deficit"
"01.09.20 03:00","290.00","320.00","281.30","329.60","? Energy Deficit"
"01.09.20 04:00","290.00","330.00","281.30","339.90","? Energy Deficit"
"01.09.20 05:00","290.00","339.00","281.30","349.17","? Energy Deficit"
"01.09.20 06:00","292.01","342.01","283.25","352.27","? Energy Deficit"
"01.09.20 07:00","295.39","345.00","286.53","355.35","? Energy Deficit"
"01.09.20 08:00","307.36","338.88","298.14","349.05","? Energy Deficit"
"01.09.20 09:00","314.82","345.82","305.38","356.19","? Energy Deficit"
"01.09.20 10:00","315.76","355.76","306.29","366.43","? Energy Deficit"
"01.09.20 11:00","318.19","388.19","308.64","399.84","? Energy Deficit"
"01.09.20 12:00","314.95","364.95","305.50","375.90","? Energy Deficit"
"01.09.20 13:00","318.87","359.00","309.30","369.77","? Energy Deficit"
"01.09.20 14:00","360.00","430.00","349.20","442.90","? Energy Deficit"
"01.09.20 15:00","400.00","470.00","388.00","484.10","? Energy Deficit"
"01.09.20 16:00","400.00","480.00","388.00","494.40","? Energy Deficit"
"01.09.20 17:00","370.00","464.82","358.90","478.76","? Energy Deficit"
"01.09.20 18:00","319.93","369.93","310.33","381.03","? Energy Deficit"
"01.09.20 19:00","339.99","385.00","329.79","396.55","? Energy Deficit"
"01.09.20 20:00","349.99","410.99","339.49","423.32","? Energy Deficit"
"01.09.20 21:00","318.84","373.84","309.27","385.06","? Energy Deficit"
"01.09.20 22:00","316.10","351.10","306.62","361.63","? Energy Deficit"
"01.09.20 23:00","311.21","349.00","301.87","359.47","? Energy Deficit"
"02.09.20 00:00","310.16","345.16","300.86","355.51","? Energy Deficit"
"02.09.20 01:00","306.74","346.74","297.54","357.14","? Energy Deficit"
"02.09.20 02:00","299.68","340.00","290.69","350.20","? Energy Deficit"
"02.09.20 03:00","296.43","340.00","287.54","350.20","? Energy Deficit"
"02.09.20 04:00","295.61","330.61","286.74","340.53","? Energy Deficit"
"02.09.20 05:00","294.63","325.00","285.79","334.75","? Energy Deficit"
"02.09.20 06:00","297.53","322.53","288.60","332.21","? Energy Deficit"
"02.09.20 07:00","300.82","325.82","291.80","335.59","? Energy Deficit"
"02.09.20 08:00","313.59","333.59","304.18","343.60","? Energy Deficit"
"02.09.20 09:00","360.00","380.00","349.20","391.40","? Energy Deficit"
"02.09.20 10:00","400.00","410.00","388.00","422.30","? Energy Deficit"
"02.09.20 11:00","320.00","375.00","310.40","386.25","? Energy Deficit"
"02.09.20 12:00","317.52","348.00","307.99","358.44","? Energy Deficit"
"02.09.20 13:00","335.00","370.00","324.95","381.10","? Energy Deficit"
"02.09.20 14:00","400.01","455.02","388.01","468.67","? Energy Deficit"
"02.09.20 15:00","419.98","489.98","407.38","504.68","? Energy Deficit"
"02.09.20 16:00","435.00","540.00","421.95","556.20","? Energy Deficit"
"02.09.20 17:00","419.98","519.98","407.38","535.58","? Energy Deficit"
"02.09.20 18:00","335.00","435.00","324.95","448.05","? Energy Deficit"
"02.09.20 19:00","350.00","429.90","339.50","442.80","? Energy Deficit"
"02.09.20 20:00","359.99","445.00","349.19","458.35","? Energy Deficit"
"02.09.20 21:00","319.31","380.31","309.73","391.72","? Energy Deficit"
"02.09.20 22:00","315.66","376.00","306.19","387.28","? Energy Deficit"
"02.09.20 23:00","310.43","371.00","301.12","382.13","? Energy Deficit"
"03.09.20 00:00","310.54","320.54","301.22","330.16","? Energy Deficit"
"03.09.20 01:00","306.83","306.83","297.63","316.03","? Energy Deficit"
"03.09.20 02:00","300.00","320.00","291.00","329.60","? Energy Deficit"
"03.09.20 03:00","296.80","321.80","287.90","331.45","? Energy Deficit"
"03.09.20 04:00","295.81","305.81","286.94","314.98","? Energy Deficit"
"03.09.20 05:00","295.34","295.34","286.48","304.20","? Energy Deficit"
"03.09.20 06:00","297.96","297.96","289.02","306.90","? In Balance"
"03.09.20 07:00","300.69","218.88","212.31","309.71","?Energy Surplus"
"03.09.20 08:00","311.78","311.78","302.43","321.13","? Energy Deficit"
"03.09.20 09:00","317.20","367.20","307.68","378.22","? Energy Deficit"
"03.09.20 10:00","318.75","380.00","309.19","391.40","? Energy Deficit"
"03.09.20 11:00","319.95","417.95","310.35","430.49","? Energy Deficit"
"03.09.20 12:00","317.22","407.00","307.70","419.21","? Energy Deficit"
"03.09.20 13:00","340.00","444.22","329.80","457.55","? Energy Deficit"
"03.09.20 14:00","421.57","599.00","408.92","616.97","? Energy Deficit"
"03.09.20 15:00","423.42","621.42","410.72","640.06","? Energy Deficit"
"03.09.20 16:00","430.00","2,000.00","417.10","2,060.00","? Energy Deficit"
"03.09.20 17:00","422.69","599.00","410.01","616.97","? Energy Deficit"
"03.09.20 18:00","340.00","450.00","329.80","463.50","? Energy Deficit"
"03.09.20 19:00","364.56","464.56","353.62","478.50","? Energy Deficit"
"03.09.20 20:00","400.00","500.00","388.00","515.00","? Energy Deficit"
"03.09.20 21:00","339.99","439.99","329.79","453.19","? Energy Deficit"
"03.09.20 22:00","316.90","410.00","307.39","422.30","? Energy Deficit"
"03.09.20 23:00","311.73","409.73","302.38","422.02","? Energy Deficit"
"04.09.20 00:00","314.48","389.00","305.05","400.67","? Energy Deficit"
"04.09.20 01:00","310.00","349.00","300.70","359.47","? Energy Deficit"
"04.09.20 02:00","303.05","324.68","293.96","334.42","? Energy Deficit"
"04.09.20 03:00","299.64","321.43","290.65","331.07","? Energy Deficit"
"04.09.20 04:00","298.24","308.24","289.29","317.49","? Energy Deficit"
"04.09.20 05:00","296.70","218.18","211.63","305.60","?Energy Surplus"
"04.09.20 06:00","298.39","308.39","289.44","317.64","? Energy Deficit"
"04.09.20 07:00","301.91","301.91","292.85","310.97","?Energy Surplus"
"04.09.20 08:00","312.90","338.59","303.51","348.75","? Energy Deficit"
"04.09.20 09:00","315.72","375.00","306.25","386.25","? Energy Deficit"
"04.09.20 10:00","315.13","385.13","305.68","396.68","? Energy Deficit"
"04.09.20 11:00","314.99","394.99","305.54","406.84","? Energy Deficit"
"04.09.20 12:00","310.47","370.47","301.16","381.58","? Energy Deficit"
"04.09.20 13:00","310.00","345.00","300.70","355.35","? Energy Deficit"
"04.09.20 14:00","315.73","375.73","306.26","387.00","? Energy Deficit"
"04.09.20 15:00","315.86","376.00","306.38","387.28","? Energy Deficit"
"04.09.20 16:00","315.16","360.00","305.71","370.80","? Energy Deficit"
"04.09.20 17:00","314.20","354.20","304.77","364.83","? Energy Deficit"
"04.09.20 18:00","310.71","350.71","301.39","361.23","? Energy Deficit"
"04.09.20 19:00","311.71","347.71","302.36","358.14","? Energy Deficit"
"04.09.20 20:00","312.76","352.76","303.38","363.34","? Energy Deficit"
"04.09.20 21:00","308.92","344.92","299.65","355.27","? Energy Deficit"
"04.09.20 22:00","304.66","339.66","295.52","349.85","? Energy Deficit"
"04.09.20 23:00","299.99","335.00","290.99","345.05","? Energy Deficit"
"05.09.20 00:00","299.03","224.03","217.31","308.00","?Energy Surplus"
"05.09.20 01:00","295.51","218.22","211.67","304.38","?Energy Surplus"
"05.09.20 02:00","289.99","227.00","220.19","298.69","?Energy Surplus"
"05.09.20 03:00","250.00","207.00","200.79","257.50","?Energy Surplus"
"05.09.20 04:00","267.67","202.00","195.94","275.70","?Energy Surplus"
"05.09.20 05:00","224.99","202.00","195.94","231.74","?Energy Surplus"
"05.09.20 06:00","222.56","213.56","207.15","229.24","?Energy Surplus"
"05.09.20 07:00","224.35","201.00","194.97","231.08","?Energy Surplus"
"05.09.20 08:00","292.93","292.93","284.14","301.72","? Energy Deficit"
"05.09.20 09:00","298.29","298.29","289.34","307.24","? Energy Deficit"
"05.09.20 10:00","300.60","270.00","261.90","309.62","?Energy Surplus"
"05.09.20 11:00","303.52","201.00","194.97","312.63","?Energy Surplus"
"05.09.20 12:00","300.24","207.00","200.79","309.25","?Energy Surplus"
"05.09.20 13:00","303.69","203.69","197.58","312.80","?Energy Surplus"
"05.09.20 14:00","306.85","217.00","210.49","316.06","?Energy Surplus"
"05.09.20 15:00","307.49","307.49","298.27","316.71","? In Balance"
"05.09.20 16:00","308.47","232.00","225.04","317.72","?Energy Surplus"
"05.09.20 17:00","308.49","207.00","200.79","317.74","?Energy Surplus"
"05.09.20 18:00","309.43","218.22","211.67","318.71","?Energy Surplus"
"05.09.20 19:00","313.73","232.00","225.04","323.14","?Energy Surplus"
"05.09.20 20:00","314.60","270.00","261.90","324.04","?Energy Surplus"
"05.09.20 21:00","310.76","235.76","228.69","320.08","?Energy Surplus"
"05.09.20 22:00","307.14","218.22","211.67","316.35","?Energy Surplus"
"05.09.20 23:00","300.99","202.00","195.94","310.02","?Energy Surplus"
"06.09.20 00:00","298.62","218.06","211.52","307.58","?Energy Surplus"
"06.09.20 01:00","295.29","218.06","211.52","304.15","?Energy Surplus"
"06.09.20 02:00","289.99","271.99","263.83","298.69","?Energy Surplus"
"06.09.20 03:00","250.00","250.00","242.50","257.50","?Energy Surplus"
"06.09.20 04:00","289.99","261.88","254.02","298.69","?Energy Surplus"
"06.09.20 05:00","289.99","289.99","281.29","298.69","? In Balance"
"06.09.20 06:00","224.34","224.34","217.61","231.07","? In Balance"
"06.09.20 07:00","198.77","198.77","192.81","204.73","? In Balance"
"06.09.20 08:00","199.99","199.99","193.99","205.99","? In Balance"
"06.09.20 09:00","232.26","232.26","225.29","239.23","? In Balance"
"06.09.20 10:00","290.79","291.00","282.07","299.73","? Energy Deficit"
"06.09.20 11:00","293.06","293.06","284.27","301.85","? Energy Deficit"
"06.09.20 12:00","267.67","266.67","258.67","275.70","?Energy Surplus"
"06.09.20 13:00","291.43","290.43","281.72","300.17","?Energy Surplus"
"06.09.20 14:00","293.98","288.98","280.31","302.80","?Energy Surplus"
"06.09.20 15:00","295.14","293.14","284.35","303.99","?Energy Surplus"
"06.09.20 16:00","296.13","296.13","287.25","305.01","? In Balance"
"06.09.20 17:00","299.20","299.20","290.22","308.18","? In Balance"
"06.09.20 18:00","302.92","302.92","293.83","312.01","?Energy Surplus"
"06.09.20 19:00","307.23","307.23","298.01","316.45","? Energy Deficit"
"06.09.20 20:00","310.69","329.69","301.37","339.58","? Energy Deficit"
"06.09.20 21:00","307.83","326.83","298.60","336.63","? Energy Deficit"
"06.09.20 22:00","305.18","324.18","296.02","333.91","? Energy Deficit"
"06.09.20 23:00","301.63","301.63","292.58","310.68","? Energy Deficit"
"07.09.20 00:00","290.83","203.50","197.40","299.55","?Energy Surplus"
"07.09.20 01:00","273.03","202.50","196.43","281.22","?Energy Surplus"
"07.09.20 02:00","247.58","177.00","171.69","255.01","?Energy Surplus"
"07.09.20 03:00","224.34","150.00","145.50","231.07","?Energy Surplus"
"07.09.20 04:00","247.57","139.00","134.83","255.00","?Energy Surplus"
"07.09.20 05:00","247.57","139.00","134.83","255.00","?Energy Surplus"
"07.09.20 06:00","199.99","129.00","125.13","205.99","?Energy Surplus"
"07.09.20 07:00","290.98","208.12","201.88","299.71","?Energy Surplus"
"07.09.20 08:00","303.79","303.79","294.68","312.90","?Energy Surplus"
"07.09.20 09:00","312.66","332.66","303.28","342.64","? Energy Deficit"
"07.09.20 10:00","317.12","327.12","307.61","336.93","? Energy Deficit"
"07.09.20 11:00","319.94","344.94","310.34","355.29","? Energy Deficit"
"07.09.20 12:00","315.36","330.00","305.90","339.90","? Energy Deficit"
"07.09.20 13:00","320.00","320.00","310.40","329.60","? Energy Deficit"
"07.09.20 14:00","500.00","356.40","345.71","515.00","?Energy Surplus"
"07.09.20 15:00","600.00","500.00","485.00","618.00","?Energy Surplus"
"07.09.20 16:00","800.01","800.01","776.01","824.01","? In Balance"
"07.09.20 17:00","500.00","500.00","485.00","515.00","? Energy Deficit"
"07.09.20 18:00","334.99","335.00","324.94","345.05","? Energy Deficit"
"07.09.20 19:00","350.00","360.00","339.50","370.80","? Energy Deficit"
"07.09.20 20:00","380.00","419.90","368.60","432.50","? Energy Deficit"
"07.09.20 21:00","317.60","345.00","308.07","355.35","? Energy Deficit"
"07.09.20 22:00","313.95","336.17","304.53","346.26","? Energy Deficit"
"07.09.20 23:00","307.26","327.26","298.04","337.08","? Energy Deficit"
"08.09.20 00:00","299.76","339.75","290.77","349.94","? Energy Deficit"
"08.09.20 01:00","296.97","345.00","288.06","355.35","? Energy Deficit"
"08.09.20 02:00","289.99","338.99","281.29","349.16","? Energy Deficit"
"08.09.20 03:00","273.03","322.03","264.84","331.69","? Energy Deficit"
"08.09.20 04:00","267.68","300.00","259.65","309.00","? Energy Deficit"
"08.09.20 05:00","247.58","274.77","240.15","283.01","? Energy Deficit"
"08.09.20 06:00","232.26","258.88","225.29","266.65","? Energy Deficit"
"08.09.20 07:00","290.86","211.18","204.84","299.59","?Energy Surplus"
"08.09.20 08:00","303.69","263.80","255.89","312.80","?Energy Surplus"
"08.09.20 09:00","308.43","338.43","299.18","348.58","? Energy Deficit"
"08.09.20 10:00","309.34","318.19","300.06","327.74","? Energy Deficit"
"08.09.20 11:00","310.63","320.63","301.31","330.25","? Energy Deficit"
"08.09.20 12:00","305.79","305.79","296.62","314.96","? Energy Deficit"
"08.09.20 13:00","308.38","318.38","299.13","327.93","? Energy Deficit"
"08.09.20 14:00","310.91","330.91","301.58","340.84","? Energy Deficit"
"08.09.20 15:00","310.84","330.84","301.51","340.77","? Energy Deficit"
"08.09.20 16:00","311.60","324.99","302.25","334.74","? Energy Deficit"
"08.09.20 17:00","310.69","320.69","301.37","330.31","? Energy Deficit"
"08.09.20 18:00","308.02","318.02","298.78","327.56","? Energy Deficit"
"08.09.20 19:00","309.25","319.25","299.97","328.83","? Energy Deficit"
"08.09.20 20:00","308.17","319.99","298.92","329.59","? Energy Deficit"
"08.09.20 21:00","303.70","313.70","294.59","323.11","? Energy Deficit"
"08.09.20 22:00","300.24","309.99","291.23","319.29","? Energy Deficit"
"08.09.20 23:00","295.02","215.00","208.55","303.87","?Energy Surplus"
"09.09.20 00:00","294.51","202.50","196.43","303.35","?Energy Surplus"
"09.09.20 01:00","292.42","242.42","235.15","301.19","?Energy Surplus"
"09.09.20 02:00","289.99","289.99","281.29","298.69","? In Balance"
"09.09.20 03:00","232.26","232.26","225.29","239.23","? In Balance"
"09.09.20 04:00","247.57","247.57","240.14","255.00","? In Balance"
"09.09.20 05:00","232.26","232.26","225.29","239.23","? In Balance"
"09.09.20 06:00","200.01","220.01","194.01","226.61","? Energy Deficit"
"09.09.20 07:00","232.27","198.00","192.06","239.24","?Energy Surplus"
"09.09.20 08:00","297.69","297.69","288.76","306.62","? Energy Deficit"
"09.09.20 09:00","301.22","321.22","292.18","330.86","? Energy Deficit"
"09.09.20 10:00","303.33","323.33","294.23","333.03","? Energy Deficit"
"09.09.20 11:00","305.25","320.25","296.09","329.86","? Energy Deficit"
"09.09.20 12:00","300.57","300.57","291.55","309.59","? In Balance"
"09.09.20 13:00","303.93","271.22","263.08","313.05","?Energy Surplus"
"09.09.20 14:00","308.48","308.48","299.23","317.73","? Energy Deficit"
"09.09.20 15:00","310.00","319.99","300.70","329.59","? Energy Deficit"
"09.09.20 16:00","311.29","321.29","301.95","330.93","? Energy Deficit"
"09.09.20 17:00","310.99","334.99","301.66","345.04","? Energy Deficit"
"09.09.20 18:00","308.64","328.64","299.38","338.50","? Energy Deficit"
"09.09.20 19:00","310.80","334.88","301.48","344.93","? Energy Deficit"
"09.09.20 20:00","311.39","334.88","302.05","344.93","? Energy Deficit"
"09.09.20 21:00","307.90","332.90","298.66","342.89","? Energy Deficit"
"09.09.20 22:00","304.67","324.60","295.53","334.34","? Energy Deficit"
"09.09.20 23:00","299.99","319.99","290.99","329.59","? Energy Deficit"
"10.09.20 00:00","292.18","302.18","283.41","311.25","? Energy Deficit"
"10.09.20 01:00","290.47","305.47","281.76","314.63","? Energy Deficit"
"10.09.20 02:00","267.67","282.67","259.64","291.15","? Energy Deficit"
"10.09.20 03:00","224.35","239.35","217.62","246.53","? Energy Deficit"
"10.09.20 04:00","247.57","262.57","240.14","270.45","? Energy Deficit"
"10.09.20 05:00","232.27","250.00","225.30","257.50","? Energy Deficit"
"10.09.20 06:00","200.00","215.00","194.00","221.45","? Energy Deficit"
"10.09.20 07:00","260.00","270.00","252.20","278.10","? Energy Deficit"
"10.09.20 08:00","299.29","309.29","290.31","318.57","? Energy Deficit"
"10.09.20 09:00","305.69","325.69","296.52","335.46","? Energy Deficit"
"10.09.20 10:00","306.12","326.12","296.94","335.90","? Energy Deficit"
"10.09.20 11:00","308.70","332.70","299.44","342.68","? Energy Deficit"
"10.09.20 12:00","306.11","335.00","296.93","345.05","? Energy Deficit"
"10.09.20 13:00","310.36","325.36","301.05","335.12","? Energy Deficit"
"10.09.20 14:00","315.19","345.19","305.73","355.55","? Energy Deficit"
"10.09.20 15:00","315.90","350.00","306.42","360.50","? Energy Deficit"
"10.09.20 16:00","315.94","355.94","306.46","366.62","? Energy Deficit"
"10.09.20 17:00","314.99","350.00","305.54","360.50","? Energy Deficit"
"10.09.20 18:00","311.93","350.00","302.57","360.50","? Energy Deficit"
"10.09.20 19:00","313.86","350.00","304.44","360.50","? Energy Deficit"
"10.09.20 20:00","313.67","350.00","304.26","360.50","? Energy Deficit"
"10.09.20 21:00","309.33","349.20","300.05","359.68","? Energy Deficit"
"10.09.20 22:00","306.61","330.61","297.41","340.53","? Energy Deficit"
"10.09.20 23:00","302.09","322.09","293.03","331.75","? Energy Deficit"
"11.09.20 00:00","299.25","309.25","290.27","318.53","? Energy Deficit"
"11.09.20 01:00","296.23","304.99","287.34","314.14","? Energy Deficit"
"11.09.20 02:00","289.99","299.99","281.29","308.99","? Energy Deficit"
"11.09.20 03:00","289.99","289.99","281.29","298.69","? In Balance"
"11.09.20 04:00","270.01","280.01","261.91","288.41","? Energy Deficit"
"11.09.20 05:00","232.27","247.27","225.30","254.69","? Energy Deficit"
"11.09.20 06:00","198.39","220.17","192.44","226.78","? Energy Deficit"
"11.09.20 07:00","290.80","291.00","282.08","299.73","? Energy Deficit"
"11.09.20 08:00","301.39","251.39","243.85","310.43","?Energy Surplus"
"11.09.20 09:00","307.12","307.12","297.91","316.33","? Energy Deficit"
"11.09.20 10:00","308.09","318.09","298.85","327.63","? Energy Deficit"
"11.09.20 11:00","308.58","331.58","299.32","341.53","? Energy Deficit"
"11.09.20 12:00","303.84","323.84","294.72","333.56","? Energy Deficit"
"11.09.20 13:00","304.27","319.27","295.14","328.85","? Energy Deficit"
"11.09.20 14:00","312.12","342.12","302.76","352.38","? Energy Deficit"
"11.09.20 15:00","313.03","349.00","303.64","359.47","? Energy Deficit"
"11.09.20 16:00","313.23","347.23","303.83","357.65","? Energy Deficit"
"11.09.20 17:00","312.49","349.00","303.12","359.47","? Energy Deficit"
"11.09.20 18:00","308.53","348.40","299.27","358.85","? Energy Deficit"
"11.09.20 19:00","310.00","349.00","300.70","359.47","? Energy Deficit"
"11.09.20 20:00","310.66","349.98","301.34","360.48","? Energy Deficit"
"11.09.20 21:00","306.15","349.98","296.97","360.48","? Energy Deficit"
"11.09.20 22:00","303.18","334.00","294.08","344.02","? Energy Deficit"
"11.09.20 23:00","297.19","328.00","288.27","337.84","? Energy Deficit"
"12.09.20 00:00","296.52","296.52","287.62","305.42","? Energy Deficit"
"12.09.20 01:00","294.85","294.85","286.00","303.70","? Energy Deficit"
"12.09.20 02:00","289.99","299.99","281.29","308.99","? Energy Deficit"
"12.09.20 03:00","289.99","289.99","281.29","298.69","? Energy Deficit"
"12.09.20 04:00","270.01","270.01","261.91","278.11","? In Balance"
"12.09.20 05:00","259.00","259.00","251.23","266.77","? In Balance"
"12.09.20 06:00","230.80","240.80","223.88","248.02","? Energy Deficit"
"12.09.20 07:00","247.49","247.49","240.07","254.91","? Energy Deficit"
"12.09.20 08:00","293.00","316.00","284.21","325.48","? Energy Deficit"
"12.09.20 09:00","299.26","314.26","290.28","323.69","? Energy Deficit"
"12.09.20 10:00","303.14","331.14","294.05","341.07","? Energy Deficit"
"12.09.20 11:00","305.52","345.52","296.35","355.89","? Energy Deficit"
"12.09.20 12:00","301.74","350.00","292.69","360.50","? Energy Deficit"
"12.09.20 13:00","304.41","350.00","295.28","360.50","? Energy Deficit"
"12.09.20 14:00","307.40","347.40","298.18","357.82","? Energy Deficit"
"12.09.20 15:00","306.88","345.00","297.67","355.35","? Energy Deficit"
"12.09.20 16:00","307.48","330.48","298.26","340.39","? Energy Deficit"
"12.09.20 17:00","307.79","330.00","298.56","339.90","? Energy Deficit"
"12.09.20 18:00","307.49","330.00","298.27","339.90","? Energy Deficit"
"12.09.20 19:00","311.52","345.00","302.17","355.35","? Energy Deficit"
"12.09.20 20:00","312.28","346.89","302.91","357.30","? Energy Deficit"
"12.09.20 21:00","307.69","330.00","298.46","339.90","? Energy Deficit"
"12.09.20 22:00","304.80","330.00","295.66","339.90","? Energy Deficit"
"12.09.20 23:00","300.79","331.00","291.77","340.93","? Energy Deficit"
"13.09.20 00:00","304.98","335.00","295.83","345.05","? Energy Deficit"
"13.09.20 01:00","300.94","330.00","291.91","339.90","? Energy Deficit"
"13.09.20 02:00","290.85","319.85","282.12","329.45","? Energy Deficit"
"13.09.20 03:00","290.00","320.00","281.30","329.60","? Energy Deficit"
"13.09.20 04:00","289.99","320.00","281.29","329.60","? Energy Deficit"
"13.09.20 05:00","270.01","309.01","261.91","318.28","? Energy Deficit"
"13.09.20 06:00","247.57","257.57","240.14","265.30","? Energy Deficit"
"13.09.20 07:00","244.01","227.00","220.19","251.33","?Energy Surplus"
"13.09.20 08:00","244.01","244.03","236.69","251.35","? Energy Deficit"
"13.09.20 09:00","247.58","257.58","240.15","265.31","? Energy Deficit"
"13.09.20 10:00","267.68","282.68","259.65","291.16","? Energy Deficit"
"13.09.20 11:00","267.68","282.68","259.65","291.16","? Energy Deficit"
"13.09.20 12:00","267.68","282.68","259.65","291.16","? Energy Deficit"
"13.09.20 13:00","291.23","291.25","282.49","299.99","? Energy Deficit"
"13.09.20 14:00","293.02","300.00","284.23","309.00","? Energy Deficit"
"13.09.20 15:00","293.25","309.99","284.45","319.29","? Energy Deficit"
"13.09.20 16:00","295.82","295.84","286.95","304.72","? Energy Deficit"
"13.09.20 17:00","298.03","298.05","289.09","306.99","? Energy Deficit"
"13.09.20 18:00","301.01","311.01","291.98","320.34","? Energy Deficit"
"13.09.20 19:00","307.96","317.96","298.72","327.50","? Energy Deficit"
"13.09.20 20:00","310.57","310.59","301.25","319.91","? Energy Deficit"
"13.09.20 21:00","306.64","306.65","297.44","315.85","? Energy Deficit"
"13.09.20 22:00","302.28","319.99","293.21","329.59","? Energy Deficit"
"13.09.20 23:00","296.46","330.00","287.57","339.90","? Energy Deficit"
"14.09.20 00:00","282.19","292.19","273.72","300.96","? Energy Deficit"
"14.09.20 01:00","282.18","277.18","268.86","290.65","?Energy Surplus"
"14.09.20 02:00","232.26","232.26","225.29","239.23","? In Balance"
"14.09.20 03:00","258.99","258.99","251.22","266.76","? In Balance"
"14.09.20 04:00","232.27","232.27","225.30","239.24","? In Balance"
"14.09.20 05:00","224.35","224.35","217.62","231.08","? In Balance"
"14.09.20 06:00","198.99","198.99","193.02","204.96","? In Balance"
"14.09.20 07:00","247.57","247.57","240.14","255.00","?Energy Surplus"
"14.09.20 08:00","297.27","307.27","288.35","316.49","? Energy Deficit"
"14.09.20 09:00","303.77","327.77","294.66","337.60","? Energy Deficit"
"14.09.20 10:00","306.99","330.00","297.78","339.90","? Energy Deficit"
"14.09.20 11:00","307.68","330.00","298.45","339.90","? Energy Deficit"
"14.09.20 12:00","304.47","304.47","295.34","313.60","? Energy Deficit"
"14.09.20 13:00","308.01","308.01","298.77","317.25","? Energy Deficit"
"14.09.20 14:00","313.46","313.46","304.06","322.86","? In Balance"
"14.09.20 15:00","313.67","313.67","304.26","323.08","? Energy Deficit"
"14.09.20 16:00","314.99","330.00","305.54","339.90","? Energy Deficit"
"14.09.20 17:00","314.20","330.00","304.77","339.90","? Energy Deficit"
"14.09.20 18:00","310.58","310.58","301.26","319.90","? Energy Deficit"
"14.09.20 19:00","312.22","327.22","302.85","337.04","? Energy Deficit"
"14.09.20 20:00","311.72","330.00","302.37","339.90","? Energy Deficit"
"14.09.20 21:00","307.23","330.00","298.01","339.90","? Energy Deficit"
"14.09.20 22:00","303.40","327.40","294.30","337.22","? Energy Deficit"
"14.09.20 23:00","298.09","328.09","289.15","337.93","? Energy Deficit"
"15.09.20 00:00","291.00","300.00","282.27","309.00","? Energy Deficit"
"15.09.20 01:00","290.43","300.43","281.72","309.44","? Energy Deficit"
"15.09.20 02:00","267.67","278.88","259.64","287.25","? Energy Deficit"
"15.09.20 03:00","289.99","289.99","281.29","298.69","? Energy Deficit"
"15.09.20 04:00","247.57","270.00","240.14","278.10","? Energy Deficit"
"15.09.20 05:00","232.27","242.27","225.30","249.54","? Energy Deficit"
"15.09.20 06:00","224.35","244.35","217.62","251.68","? Energy Deficit"
"15.09.20 07:00","275.01","211.18","204.84","283.26","?Energy Surplus"
"15.09.20 08:00","299.56","299.56","290.57","308.55","? Energy Deficit"
"15.09.20 09:00","306.67","316.67","297.47","326.17","? Energy Deficit"
"15.09.20 10:00","309.55","211.18","204.84","318.84","?Energy Surplus"
"15.09.20 11:00","311.43","326.43","302.09","336.22","? Energy Deficit"
"15.09.20 12:00","308.33","330.00","299.08","339.90","? Energy Deficit"
"15.09.20 13:00","312.81","327.81","303.43","337.64","? Energy Deficit"
"15.09.20 14:00","318.14","348.14","308.60","358.58","? Energy Deficit"
"15.09.20 15:00","318.81","348.85","309.25","359.32","? Energy Deficit"
"15.09.20 16:00","319.36","348.00","309.78","358.44","? Energy Deficit"
"15.09.20 17:00","318.30","353.20","308.75","363.80","? Energy Deficit"
"15.09.20 18:00","314.61","346.92","305.17","357.33","? Energy Deficit"
"15.09.20 19:00","316.94","348.00","307.43","358.44","? Energy Deficit"
"15.09.20 20:00","316.46","346.46","306.97","356.85","? Energy Deficit"
"15.09.20 21:00","311.87","331.87","302.51","341.83","? Energy Deficit"
"15.09.20 22:00","308.37","328.37","299.12","338.22","? Energy Deficit"
"15.09.20 23:00","301.18","319.40","292.14","328.98","? Energy Deficit"
"16.09.20 00:00","293.97","303.97","285.15","313.09","? Energy Deficit"
"16.09.20 01:00","292.71","304.99","283.93","314.14","? Energy Deficit"
"16.09.20 02:00","267.67","286.08","259.64","294.66","? Energy Deficit"
"16.09.20 03:00","259.00","270.00","251.23","278.10","? Energy Deficit"
"16.09.20 04:00","244.99","201.00","194.97","252.34","?Energy Surplus"
"16.09.20 05:00","232.26","201.00","194.97","239.23","?Energy Surplus"
"16.09.20 06:00","200.01","200.01","194.01","206.01","? In Balance"
"16.09.20 07:00","267.68","237.68","230.55","275.71","?Energy Surplus"
"16.09.20 08:00","300.93","314.00","291.90","323.42","? Energy Deficit"
"16.09.20 09:00","309.38","319.99","300.10","329.59","? Energy Deficit"
"16.09.20 10:00","312.20","325.00","302.83","334.75","? Energy Deficit"
"16.09.20 11:00","312.91","344.86","303.52","355.21","? Energy Deficit"
"16.09.20 12:00","308.34","338.34","299.09","348.49","? Energy Deficit"
"16.09.20 13:00","314.17","334.17","304.74","344.20","? Energy Deficit"
"16.09.20 14:00","320.00","350.00","310.40","360.50","? Energy Deficit"
"16.09.20 15:00","349.99","419.99","339.49","432.59","? Energy Deficit"
"16.09.20 16:00","358.99","418.99","348.22","431.56","? Energy Deficit"
"16.09.20 17:00","350.01","430.00","339.51","442.90","? Energy Deficit"
"16.09.20 18:00","319.14","359.14","309.57","369.91","? Energy Deficit"
"16.09.20 19:00","340.00","390.00","329.80","401.70","? Energy Deficit"
"16.09.20 20:00","339.99","390.00","329.79","401.70","? Energy Deficit"
"16.09.20 21:00","316.37","356.37","306.88","367.06","? Energy Deficit"
"16.09.20 22:00","312.82","350.00","303.44","360.50","? Energy Deficit"
"16.09.20 23:00","307.40","342.40","298.18","352.67","? Energy Deficit"
"17.09.20 00:00","300.01","310.01","291.01","319.31","? Energy Deficit"
"17.09.20 01:00","298.05","308.05","289.11","317.29","? Energy Deficit"
"17.09.20 02:00","290.00","300.00","281.30","309.00","? Energy Deficit"
"17.09.20 03:00","289.99","309.99","281.29","319.29","? Energy Deficit"
"17.09.20 04:00","289.99","304.99","281.29","314.14","? Energy Deficit"
"17.09.20 05:00","289.99","318.99","281.29","328.56","? Energy Deficit"
"17.09.20 06:00","290.00","325.00","281.30","334.75","? Energy Deficit"
"17.09.20 07:00","294.47","304.47","285.64","313.60","? Energy Deficit"
"17.09.20 08:00","309.34","339.34","300.06","349.52","? Energy Deficit"
"17.09.20 09:00","314.12","380.00","304.70","391.40","? Energy Deficit"
"17.09.20 10:00","317.92","390.00","308.38","401.70","? Energy Deficit"
"17.09.20 11:00","319.53","399.53","309.94","411.52","? Energy Deficit"
"17.09.20 12:00","314.55","364.55","305.11","375.49","? Energy Deficit"
"17.09.20 13:00","319.09","394.09","309.52","405.91","? Energy Deficit"
"17.09.20 14:00","390.00","470.00","378.30","484.10","? Energy Deficit"
"17.09.20 15:00","499.41","549.41","484.43","565.89","? Energy Deficit"
"17.09.20 16:00","982.00","982.00","952.54","1,011.46","? Energy Deficit"
"17.09.20 17:00","982.00","982.00","952.54","1,011.46","? Energy Deficit"
"17.09.20 18:00","390.00","390.00","378.30","401.70","? Energy Deficit"
"17.09.20 19:00","785.00","785.00","761.45","808.55","? Energy Deficit"
"17.09.20 20:00","349.99","429.99","339.49","442.89","? Energy Deficit"
"17.09.20 21:00","319.09","399.09","309.52","411.06","? Energy Deficit"
"17.09.20 22:00","314.88","390.00","305.43","401.70","? Energy Deficit"
"17.09.20 23:00","308.62","348.62","299.36","359.08","? Energy Deficit"
"18.09.20 00:00","310.47","320.47","301.16","330.08","? Energy Deficit"
"18.09.20 01:00","305.85","305.85","296.67","315.03","? Energy Deficit"
"18.09.20 02:00","295.04","211.18","204.84","303.89","?Energy Surplus"
"18.09.20 03:00","290.56","211.18","204.84","299.28","?Energy Surplus"
"18.09.20 04:00","290.00","220.00","213.40","298.70","?Energy Surplus"
"18.09.20 05:00","290.00","231.00","224.07","298.70","?Energy Surplus"
"18.09.20 06:00","294.25","244.25","236.92","303.08","?Energy Surplus"
"18.09.20 07:00","297.79","211.18","204.84","306.72","?Energy Surplus"
"18.09.20 08:00","312.18","324.99","302.81","334.74","? Energy Deficit"
"18.09.20 09:00","316.32","351.32","306.83","361.86","? Energy Deficit"
"18.09.20 10:00","315.99","365.99","306.51","376.97","? Energy Deficit"
"18.09.20 11:00","316.37","371.37","306.88","382.51","? Energy Deficit"
"18.09.20 12:00","311.27","328.88","301.93","338.75","? Energy Deficit"
"18.09.20 13:00","311.97","321.97","302.61","331.63","? Energy Deficit"
"18.09.20 14:00","319.15","369.15","309.58","380.22","? Energy Deficit"
"18.09.20 15:00","319.52","369.52","309.93","380.61","? Energy Deficit"
"18.09.20 16:00","334.99","364.99","324.94","375.94","? Energy Deficit"
"18.09.20 17:00","318.71","360.00","309.15","370.80","? Energy Deficit"
"18.09.20 18:00","314.03","349.00","304.61","359.47","? Energy Deficit"
"18.09.20 19:00","316.30","361.30","306.81","372.14","? Energy Deficit"
"18.09.20 20:00","314.28","364.28","304.85","375.21","? Energy Deficit"
"18.09.20 21:00","311.36","348.00","302.02","358.44","? Energy Deficit"
"18.09.20 22:00","307.36","329.99","298.14","339.89","? Energy Deficit"
"18.09.20 23:00","301.29","330.00","292.25","339.90","? Energy Deficit"
"19.09.20 00:00","301.38","250.00","242.50","310.42","?Energy Surplus"
"19.09.20 01:00","297.66","261.66","253.81","306.59","?Energy Surplus"
"19.09.20 02:00","289.99","253.99","246.37","298.69","?Energy Surplus"
"19.09.20 03:00","289.99","211.18","204.84","298.69","?Energy Surplus"
"19.09.20 04:00","247.58","206.18","199.99","255.01","?Energy Surplus"
"19.09.20 05:00","232.26","202.26","196.19","239.23","?Energy Surplus"
"19.09.20 06:00","199.99","199.99","193.99","205.99","?Energy Surplus"
"19.09.20 07:00","224.35","201.00","194.97","231.08","?Energy Surplus"
"19.09.20 08:00","293.23","202.00","195.94","302.03","?Energy Surplus"
"19.09.20 09:00","297.72","201.00","194.97","306.65","?Energy Surplus"
"19.09.20 10:00","301.11","150.01","145.51","310.14","?Energy Surplus"
"19.09.20 11:00","301.92","201.00","194.97","310.98","?Energy Surplus"
"19.09.20 12:00","298.90","202.00","195.94","307.87","?Energy Surplus"
"19.09.20 13:00","300.46","211.18","204.84","309.47","?Energy Surplus"
"19.09.20 14:00","303.15","244.15","236.83","312.24","?Energy Surplus"
"19.09.20 15:00","302.81","211.18","204.84","311.89","?Energy Surplus"
"19.09.20 16:00","300.99","215.45","208.99","310.02","?Energy Surplus"
"19.09.20 17:00","301.43","215.81","209.34","310.47","?Energy Surplus"
"19.09.20 18:00","302.66","243.66","236.35","311.74","?Energy Surplus"
"19.09.20 19:00","306.32","306.32","297.13","315.51","? Energy Deficit"
"19.09.20 20:00","307.10","307.10","297.89","316.31","? Energy Deficit"
"19.09.20 21:00","302.69","211.18","204.84","311.77","?Energy Surplus"
"19.09.20 22:00","299.30","202.00","195.94","308.28","?Energy Surplus"
"19.09.20 23:00","293.66","211.18","204.84","302.47","?Energy Surplus"
"20.09.20 00:00","293.27","273.27","265.07","302.07","?Energy Surplus"
"20.09.20 01:00","290.00","290.00","281.30","298.70","? Energy Deficit"
"20.09.20 02:00","232.27","256.27","225.30","263.96","? Energy Deficit"
"20.09.20 03:00","250.00","275.00","242.50","283.25","? Energy Deficit"
"20.09.20 04:00","247.58","283.00","240.15","291.49","? Energy Deficit"
"20.09.20 05:00","247.57","282.57","240.14","291.05","? Energy Deficit"
"20.09.20 06:00","232.27","277.27","225.30","285.59","? Energy Deficit"
"20.09.20 07:00","198.95","238.95","192.98","246.12","? Energy Deficit"
"20.09.20 08:00","247.58","270.00","240.15","278.10","? Energy Deficit"
"20.09.20 09:00","247.58","283.00","240.15","291.49","? Energy Deficit"
"20.09.20 10:00","247.58","287.58","240.15","296.21","? Energy Deficit"
"20.09.20 11:00","219.53","275.00","212.94","283.25","? Energy Deficit"
"20.09.20 12:00","204.72","254.72","198.58","262.36","? Energy Deficit"
"20.09.20 13:00","250.00","275.00","242.50","283.25","? Energy Deficit"
"20.09.20 14:00","290.12","309.99","281.42","319.29","? Energy Deficit"
"20.09.20 15:00","275.01","276.00","266.76","284.28","? Energy Deficit"
"20.09.20 16:00","237.91","230.00","223.10","245.05","?Energy Surplus"
"20.09.20 17:00","294.29","294.29","285.46","303.12","? Energy Deficit"
"20.09.20 18:00","298.22","299.00","289.27","307.97","? Energy Deficit"
"20.09.20 19:00","307.66","308.00","298.43","317.24","? Energy Deficit"
"20.09.20 20:00","308.02","309.00","298.78","318.27","? Energy Deficit"
"20.09.20 21:00","303.31","313.31","294.21","322.71","? Energy Deficit"
"20.09.20 22:00","300.59","301.00","291.57","310.03","? Energy Deficit"
"20.09.20 23:00","295.84","296.00","286.96","304.88","? Energy Deficit"
"21.09.20 00:00","290.80","212.08","205.72","299.52","?Energy Surplus"
"21.09.20 01:00","267.68","217.68","211.15","275.71","?Energy Surplus"
"21.09.20 02:00","224.35","248.35","217.62","255.80","? Energy Deficit"
"21.09.20 03:00","232.27","267.27","225.30","275.29","? Energy Deficit"
"21.09.20 04:00","232.25","270.00","225.28","278.10","? Energy Deficit"
"21.09.20 05:00","225.00","264.00","218.25","271.92","? Energy Deficit"
"21.09.20 06:00","219.99","258.99","213.39","266.76","? Energy Deficit"
"21.09.20 07:00","247.57","275.00","240.14","283.25","? Energy Deficit"
"21.09.20 08:00","302.39","312.39","293.32","321.76","? Energy Deficit"
"21.09.20 09:00","305.27","344.27","296.11","354.60","? Energy Deficit"
"21.09.20 10:00","307.52","346.52","298.29","356.92","? Energy Deficit"
"21.09.20 11:00","309.25","339.25","299.97","349.43","? Energy Deficit"
"21.09.20 12:00","305.11","329.11","295.96","338.98","? Energy Deficit"
"21.09.20 13:00","310.09","320.09","300.79","329.69","? Energy Deficit"
"21.09.20 14:00","316.04","334.55","306.56","344.59","? Energy Deficit"
"21.09.20 15:00","317.14","334.55","307.63","344.59","? Energy Deficit"
"21.09.20 16:00","325.00","355.00","315.25","365.65","? Energy Deficit"
"21.09.20 17:00","319.96","359.96","310.36","370.76","? Energy Deficit"
"21.09.20 18:00","316.28","351.28","306.79","361.82","? Energy Deficit"
"21.09.20 19:00","319.65","360.00","310.06","370.80","? Energy Deficit"
"21.09.20 20:00","316.42","351.42","306.93","361.96","? Energy Deficit"
"21.09.20 21:00","312.18","334.40","302.81","344.43","? Energy Deficit"
"21.09.20 22:00","308.10","319.55","298.86","329.14","? Energy Deficit"
"21.09.20 23:00","303.01","314.55","293.92","323.99","? Energy Deficit"
"22.09.20 00:00","292.90","293.00","284.11","301.79","? Energy Deficit"
"22.09.20 01:00","291.55","291.55","282.80","300.30","? Energy Deficit"
"22.09.20 02:00","247.58","247.58","240.15","255.01","? In Balance"
"22.09.20 03:00","267.67","267.67","259.64","275.70","? In Balance"
"22.09.20 04:00","260.01","267.67","252.21","275.70","? Energy Deficit"
"22.09.20 05:00","247.58","270.00","240.15","278.10","? Energy Deficit"
"22.09.20 06:00","232.27","256.68","225.30","264.38","? Energy Deficit"
"22.09.20 07:00","290.84","291.00","282.11","299.73","? Energy Deficit"
"22.09.20 08:00","303.82","315.00","294.71","324.45","? Energy Deficit"
"22.09.20 09:00","307.03","348.00","297.82","358.44","? Energy Deficit"
"22.09.20 10:00","307.63","352.63","298.40","363.21","? Energy Deficit"
"22.09.20 11:00","309.83","369.83","300.54","380.92","? Energy Deficit"
"22.09.20 12:00","307.01","340.00","297.80","350.20","? Energy Deficit"
"22.09.20 13:00","310.98","350.98","301.65","361.51","? Energy Deficit"
"22.09.20 14:00","316.82","376.82","307.32","388.12","? Energy Deficit"
"22.09.20 15:00","317.51","380.00","307.98","391.40","? Energy Deficit"
"22.09.20 16:00","319.59","380.00","310.00","391.40","? Energy Deficit"
"22.09.20 17:00","318.89","369.00","309.32","380.07","? Energy Deficit"
"22.09.20 18:00","317.03","351.90","307.52","362.46","? Energy Deficit"
"22.09.20 19:00","319.28","380.00","309.70","391.40","? Energy Deficit"
"22.09.20 20:00","316.99","356.99","307.48","367.70","? Energy Deficit"
"22.09.20 21:00","311.76","360.00","302.41","370.80","? Energy Deficit"
"22.09.20 22:00","308.97","353.97","299.70","364.59","? Energy Deficit"
"22.09.20 23:00","303.68","340.00","294.57","350.20","? Energy Deficit"
"23.09.20 00:00","300.70","310.70","291.68","320.02","? Energy Deficit"
"23.09.20 01:00","299.32","299.32","290.34","308.30","? Energy Deficit"
"23.09.20 02:00","295.77","295.77","286.90","304.64","? Energy Deficit"
"23.09.20 03:00","293.37","293.37","284.57","302.17","? Energy Deficit"
"23.09.20 04:00","291.94","291.94","283.18","300.70","? Energy Deficit"
"23.09.20 05:00","292.47","292.47","283.70","301.24","? Energy Deficit"
"23.09.20 06:00","292.43","292.43","283.66","301.20","? Energy Deficit"
"23.09.20 07:00","296.55","296.55","287.65","305.45","? Energy Deficit"
"23.09.20 08:00","311.33","324.16","301.99","333.88","? Energy Deficit"
"23.09.20 09:00","313.95","393.95","304.53","405.77","? Energy Deficit"
"23.09.20 10:00","314.11","394.11","304.69","405.93","? Energy Deficit"
"23.09.20 11:00","315.02","420.00","305.57","432.60","? Energy Deficit"
"23.09.20 12:00","311.67","372.00","302.32","383.16","? Energy Deficit"
"23.09.20 13:00","314.83","380.00","305.39","391.40","? Energy Deficit"
"23.09.20 14:00","319.24","419.24","309.66","431.82","? Energy Deficit"
"23.09.20 15:00","320.00","425.00","310.40","437.75","? Energy Deficit"
"23.09.20 16:00","349.99","451.52","339.49","465.07","? Energy Deficit"
"23.09.20 17:00","349.99","469.99","339.49","484.09","? Energy Deficit"
"23.09.20 18:00","319.81","454.00","310.22","467.62","? Energy Deficit"
"23.09.20 19:00","340.00","490.00","329.80","504.70","? Energy Deficit"
"23.09.20 20:00","318.88","451.51","309.31","465.06","? Energy Deficit"
"23.09.20 21:00","315.01","420.00","305.56","432.60","? Energy Deficit"
"23.09.20 22:00","311.50","411.50","302.15","423.85","? Energy Deficit"
"23.09.20 23:00","305.75","380.00","296.58","391.40","? Energy Deficit"
"24.09.20 00:00","305.47","330.00","296.31","339.90","? Energy Deficit"
"24.09.20 01:00","299.91","330.00","290.91","339.90","? Energy Deficit"
"24.09.20 02:00","295.83","330.00","286.96","339.90","? Energy Deficit"
"24.09.20 03:00","292.99","330.00","284.20","339.90","? Energy Deficit"
"24.09.20 04:00","293.05","309.99","284.26","319.29","? Energy Deficit"
"24.09.20 05:00","293.38","211.18","204.84","302.18","?Energy Surplus"
"24.09.20 06:00","293.33","211.18","204.84","302.13","?Energy Surplus"
"24.09.20 07:00","297.39","211.18","204.84","306.31","?Energy Surplus"
"24.09.20 08:00","311.91","211.18","204.84","321.27","?Energy Surplus"
"24.09.20 09:00","314.89","379.89","305.44","391.29","? Energy Deficit"
"24.09.20 10:00","316.25","380.00","306.76","391.40","? Energy Deficit"
"24.09.20 11:00","317.77","397.77","308.24","409.70","? Energy Deficit"
"24.09.20 12:00","313.67","388.67","304.26","400.33","? Energy Deficit"
"24.09.20 13:00","316.90","416.90","307.39","429.41","? Energy Deficit"
"24.09.20 14:00","359.99","429.99","349.19","442.89","? Energy Deficit"
"24.09.20 15:00","368.00","448.00","356.96","461.44","? Energy Deficit"
"24.09.20 16:00","401.03","471.03","389.00","485.16","? Energy Deficit"
"24.09.20 17:00","400.00","480.00","388.00","494.40","? Energy Deficit"
"24.09.20 18:00","350.00","420.00","339.50","432.60","? Energy Deficit"
"24.09.20 19:00","390.00","470.00","378.30","484.10","? Energy Deficit"
"24.09.20 20:00","318.22","418.22","308.67","430.77","? Energy Deficit"
"24.09.20 21:00","314.09","394.09","304.67","405.91","? Energy Deficit"
"24.09.20 22:00","310.80","370.80","301.48","381.92","? Energy Deficit"
"24.09.20 23:00","305.08","355.00","295.93","365.65","? Energy Deficit"
"25.09.20 00:00","304.02","319.99","294.90","329.59","? Energy Deficit"
"25.09.20 01:00","300.27","314.99","291.26","324.44","? Energy Deficit"
"25.09.20 02:00","297.40","307.40","288.48","316.62","? Energy Deficit"
"25.09.20 03:00","294.87","294.87","286.02","303.72","? Energy Deficit"
"25.09.20 04:00","294.34","304.01","285.51","313.13","? Energy Deficit"
"25.09.20 05:00","294.61","304.61","285.77","313.75","? Energy Deficit"
"25.09.20 06:00","293.47","304.01","284.67","313.13","? Energy Deficit"
"25.09.20 07:00","298.09","211.56","205.21","307.03","?Energy Surplus"
"25.09.20 08:00","312.94","212.94","206.55","322.33","?Energy Surplus"
"25.09.20 09:00","316.55","399.00","307.05","410.97","? Energy Deficit"
"25.09.20 10:00","318.22","403.22","308.67","415.32","? Energy Deficit"
"25.09.20 11:00","335.00","420.00","324.95","432.60","? Energy Deficit"
"25.09.20 12:00","314.89","374.89","305.44","386.14","? Energy Deficit"
"25.09.20 13:00","315.25","370.00","305.79","381.10","? Energy Deficit"
"25.09.20 14:00","390.00","450.00","378.30","463.50","? Energy Deficit"
"25.09.20 15:00","400.00","450.00","388.00","463.50","? Energy Deficit"
"25.09.20 16:00","441.42","458.88","428.18","472.65","? Energy Deficit"
"25.09.20 17:00","399.99","415.00","387.99","427.45","? Energy Deficit"
"25.09.20 18:00","370.42","410.42","359.31","422.73","? Energy Deficit"
"25.09.20 19:00","390.00","450.00","378.30","463.50","? Energy Deficit"
"25.09.20 20:00","319.56","379.56","309.97","390.95","? Energy Deficit"
"25.09.20 21:00","313.66","373.66","304.25","384.87","? Energy Deficit"
"25.09.20 22:00","309.51","350.00","300.22","360.50","? Energy Deficit"
"25.09.20 23:00","303.62","350.00","294.51","360.50","? Energy Deficit"
"26.09.20 00:00","305.52","211.18","204.84","314.69","?Energy Surplus"
"26.09.20 01:00","299.07","240.07","232.87","308.04","?Energy Surplus"
"26.09.20 02:00","293.59","234.59","227.55","302.40","?Energy Surplus"
"26.09.20 03:00","282.09","271.89","263.73","290.55","?Energy Surplus"
"26.09.20 04:00","267.67","267.67","259.64","275.70","? In Balance"
"26.09.20 05:00","258.99","258.99","251.22","266.76","? In Balance"
"26.09.20 06:00","224.99","224.99","218.24","231.74","? In Balance"
"26.09.20 07:00","247.57","221.33","214.69","255.00","?Energy Surplus"
"26.09.20 08:00","294.70","309.99","285.86","319.29","? Energy Deficit"
"26.09.20 09:00","301.13","320.00","292.10","329.60","? Energy Deficit"
"26.09.20 10:00","302.75","310.01","293.67","319.31","? Energy Deficit"
"26.09.20 11:00","302.94","302.94","293.85","312.03","? In Balance"
"26.09.20 12:00","297.68","307.01","288.75","316.22","? Energy Deficit"
"26.09.20 13:00","298.46","338.46","289.51","348.61","? Energy Deficit"
"26.09.20 14:00","300.00","360.00","291.00","370.80","? Energy Deficit"
"26.09.20 15:00","299.48","349.48","290.50","359.96","? Energy Deficit"
"26.09.20 16:00","300.01","328.88","291.01","338.75","? Energy Deficit"
"26.09.20 17:00","301.20","301.20","292.16","310.24","? Energy Deficit"
"26.09.20 18:00","303.98","303.98","294.86","313.10","? Energy Deficit"
"26.09.20 19:00","308.99","308.99","299.72","318.26","? Energy Deficit"
"26.09.20 20:00","304.61","285.61","277.04","313.75","?Energy Surplus"
"26.09.20 21:00","299.18","249.18","241.70","308.16","?Energy Surplus"
"26.09.20 22:00","293.23","243.23","235.93","302.03","?Energy Surplus"
"26.09.20 23:00","224.35","201.00","194.97","231.08","?Energy Surplus"
"27.09.20 00:00","267.67","191.00","185.27","275.70","?Energy Surplus"
"27.09.20 01:00","267.67","267.67","259.64","275.70","? In Balance"
"27.09.20 02:00","207.70","187.70","182.07","213.93","?Energy Surplus"
"27.09.20 03:00","212.18","212.18","205.81","218.55","? Energy Deficit"
"27.09.20 04:00","250.01","290.00","242.51","298.70","? Energy Deficit"
"27.09.20 05:00","290.44","335.44","281.73","345.50","? Energy Deficit"
"27.09.20 06:00","277.00","306.00","268.69","315.18","? Energy Deficit"
"27.09.20 07:00","232.27","261.27","225.30","269.11","? Energy Deficit"
"27.09.20 08:00","225.01","258.88","218.26","266.65","? Energy Deficit"
"27.09.20 09:00","232.27","277.27","225.30","285.59","? Energy Deficit"
"27.09.20 10:00","291.97","336.97","283.21","347.08","? Energy Deficit"
"27.09.20 11:00","293.31","360.00","284.51","370.80","? Energy Deficit"
"27.09.20 12:00","290.05","370.05","281.35","381.15","? Energy Deficit"
"27.09.20 13:00","280.02","359.90","271.62","370.70","? Energy Deficit"
"27.09.20 14:00","250.00","330.00","242.50","339.90","? Energy Deficit"
"27.09.20 15:00","292.63","344.87","283.85","355.22","? Energy Deficit"
"27.09.20 16:00","295.36","345.36","286.50","355.72","? Energy Deficit"
"27.09.20 17:00","302.15","354.87","293.09","365.52","? Energy Deficit"
"27.09.20 18:00","310.91","369.91","301.58","381.01","? Energy Deficit"
"27.09.20 19:00","319.86","369.86","310.26","380.96","? Energy Deficit"
"27.09.20 20:00","317.27","365.00","307.75","375.95","? Energy Deficit"
"27.09.20 21:00","311.11","365.00","301.78","375.95","? Energy Deficit"
"27.09.20 22:00","308.29","365.00","299.04","375.95","? Energy Deficit"
"27.09.20 23:00","302.04","361.04","292.98","371.87","? Energy Deficit"
"28.09.20 00:00","292.34","302.34","283.57","311.41","? Energy Deficit"
"28.09.20 01:00","291.28","304.99","282.54","314.14","? Energy Deficit"
"28.09.20 02:00","249.99","249.99","242.49","257.49","? Energy Deficit"
"28.09.20 03:00","245.00","245.00","237.65","252.35","? Energy Deficit"
"28.09.20 04:00","244.99","211.18","204.84","252.34","?Energy Surplus"
"28.09.20 05:00","247.57","201.00","194.97","255.00","?Energy Surplus"
"28.09.20 06:00","290.01","201.00","194.97","298.71","?Energy Surplus"
"28.09.20 07:00","292.46","242.46","235.19","301.23","?Energy Surplus"
"28.09.20 08:00","308.49","308.49","299.24","317.74","? Energy Deficit"
"28.09.20 09:00","316.89","386.89","307.38","398.50","? Energy Deficit"
"28.09.20 10:00","318.28","388.28","308.73","399.93","? Energy Deficit"
"28.09.20 11:00","349.99","429.99","339.49","442.89","? Energy Deficit"
"28.09.20 12:00","315.07","365.07","305.62","376.02","? Energy Deficit"
"28.09.20 13:00","319.47","365.00","309.89","375.95","? Energy Deficit"
"28.09.20 14:00","398.99","448.99","387.02","462.46","? Energy Deficit"
"28.09.20 15:00","400.01","450.00","388.01","463.50","? Energy Deficit"
"28.09.20 16:00","599.00","599.00","581.03","616.97","? Energy Deficit"
"28.09.20 17:00","582.50","582.50","565.02","599.98","? Energy Deficit"
"28.09.20 18:00","499.00","499.00","484.03","513.97","? Energy Deficit"
"28.09.20 19:00","599.99","599.99","581.99","617.99","? Energy Deficit"
"28.09.20 20:00","379.99","410.00","368.59","422.30","? Energy Deficit"
"28.09.20 21:00","316.74","361.74","307.24","372.59","? Energy Deficit"
"28.09.20 22:00","311.21","341.21","301.87","351.45","? Energy Deficit"
"28.09.20 23:00","303.60","337.60","294.49","347.73","? Energy Deficit"
"29.09.20 00:00","296.04","325.04","287.16","334.79","? Energy Deficit"
"29.09.20 01:00","293.58","304.99","284.77","314.14","? Energy Deficit"
"29.09.20 02:00","290.90","290.90","282.17","299.63","? In Balance"
"29.09.20 03:00","247.58","247.58","240.15","255.01","? In Balance"
"29.09.20 04:00","247.58","247.58","240.15","255.01","? In Balance"
"29.09.20 05:00","274.99","274.99","266.74","283.24","? In Balance"
"29.09.20 06:00","247.58","247.58","240.15","255.01","? In Balance"
"29.09.20 07:00","292.22","335.00","283.45","345.05","? Energy Deficit"
"29.09.20 08:00","307.74","318.01","298.51","327.55","? Energy Deficit"
"29.09.20 09:00","316.21","380.00","306.72","391.40","? Energy Deficit"
"29.09.20 10:00","314.67","384.67","305.23","396.21","? Energy Deficit"
"29.09.20 11:00","315.36","395.36","305.90","407.22","? Energy Deficit"
"29.09.20 12:00","309.80","309.80","300.51","319.09","? Energy Deficit"
"29.09.20 13:00","313.75","212.12","205.76","323.16","?Energy Surplus"
"29.09.20 14:00","319.73","329.99","310.14","339.89","? Energy Deficit"
"29.09.20 15:00","370.41","395.41","359.30","407.27","? Energy Deficit"
"29.09.20 16:00","435.53","305.00","295.85","448.60","?Energy Surplus"
"29.09.20 17:00","419.99","280.00","271.60","432.59","?Energy Surplus"
"29.09.20 18:00","390.00","280.00","271.60","401.70","?Energy Surplus"
"29.09.20 19:00","525.00","466.00","452.02","540.75","?Energy Surplus"
"29.09.20 20:00","400.00","280.00","271.60","412.00","?Energy Surplus"
"29.09.20 21:00","317.76","212.12","205.76","327.29","?Energy Surplus"
"29.09.20 22:00","313.76","202.12","196.06","323.17","?Energy Surplus"
"29.09.20 23:00","306.95","212.12","205.76","316.16","?Energy Surplus"
"30.09.20 00:00","300.18","310.18","291.17","319.49","? Energy Deficit"
"30.09.20 01:00","297.57","278.57","270.21","306.50","?Energy Surplus"
"30.09.20 02:00","295.00","295.00","286.15","303.85","? Energy Deficit"
"30.09.20 03:00","292.90","292.90","284.11","301.69","? In Balance"
"30.09.20 04:00","292.75","242.75","235.47","301.53","?Energy Surplus"
"30.09.20 05:00","293.21","218.18","211.63","302.01","?Energy Surplus"
"30.09.20 06:00","292.99","242.99","235.70","301.78","?Energy Surplus"
"30.09.20 07:00","296.35","246.35","238.96","305.24","?Energy Surplus"
"30.09.20 08:00","311.68","218.18","211.63","321.03","?Energy Surplus"
"30.09.20 09:00","318.33","358.33","308.78","369.08","? Energy Deficit"
"30.09.20 10:00","316.24","316.24","306.75","325.73","? Energy Deficit"
"30.09.20 11:00","318.91","334.99","309.34","345.04","? Energy Deficit"
"30.09.20 12:00","313.36","214.00","207.58","322.76","?Energy Surplus"
"30.09.20 13:00","317.03","317.03","307.52","326.54","? Energy Deficit"
"30.09.20 14:00","388.01","388.01","376.37","399.65","? Energy Deficit"
"30.09.20 15:00","410.00","250.00","242.50","422.30","?Energy Surplus"
"30.09.20 16:00","409.99","229.00","222.13","422.29","?Energy Surplus"
"30.09.20 17:00","410.00","250.00","242.50","422.30","?Energy Surplus"
"30.09.20 18:00","391.04","229.00","222.13","402.77","?Energy Surplus"
"30.09.20 19:00","421.04","421.04","408.41","433.67","? Energy Deficit"
"30.09.20 20:00","380.00","380.00","368.60","391.40","? Energy Deficit"
"30.09.20 21:00","318.59","318.59","309.03","328.15","? Energy Deficit"
"30.09.20 22:00","314.91","314.91","305.46","324.36","? Energy Deficit"
"30.09.20 23:00","309.71","224.00","217.28","319.00","?Energy Surplus"
